{
    "pools": [
        {
            "name": "srparasites:lodo",
            "rolls": 1,
            "entries": [
                {
                    "type": "item",
                    "name": "minecraft:torch",
                    "weight": 1,
                    "functions": [
                        {
                            "function": "set_count",
                            "count": {
                                "min": 1,
                                "max": 3
                            }
                        }
                    ]
                }
            ]
        },
        {
            "name": "srparasites:lodo",
            "conditions": [
                {
                    "condition": "killed_by_player"
                },
                {
                    "condition": "random_chance_with_looting",
                    "chance": 0.75,
                    "looting_multiplier": 1
                }
            ],
            "rolls": 1,
            "entries": [
                {
                    "type": "item",
                    "name": "minecraft:beetroot",
                    "weight": 0.1
                },
                {
                    "type": "item",
                    "name": "minecraft:torch",
                    "weight": 0.5
                },
                {
                    "type": "item",
                    "name": "minecraft:coal",
                    "weight": 1,
                    "functions": [
                        {
                            "function": "set_count",
                            "count": {
                                "min": 1,
                                "max": 3
                            }
                        }
                    ]
                },
                {
                    "type": "item",
                    "name": "minecraft:fireworks",
                    "weight": 1
                }
            ]
        }
    ]
}