{
    "parent": "item/generated",
    "textures": {
        "layer0": "SRParasites:items/compass_16"
    },
    "overrides": [
        { "predicate": { "angle": 0.000000 }, "model": "SRParasites:item/nodecompass" },
        { "predicate": { "angle": 0.015625 }, "model": "SRParasites:item/nodecompass_17" },
        { "predicate": { "angle": 0.046875 }, "model": "SRParasites:item/nodecompass_18" },
        { "predicate": { "angle": 0.078125 }, "model": "SRParasites:item/nodecompass_19" },
        { "predicate": { "angle": 0.109375 }, "model": "SRParasites:item/nodecompass_20" },
        { "predicate": { "angle": 0.140625 }, "model": "SRParasites:item/nodecompass_21" },
        { "predicate": { "angle": 0.171875 }, "model": "SRParasites:item/nodecompass_22" },
        { "predicate": { "angle": 0.203125 }, "model": "SRParasites:item/nodecompass_23" },
        { "predicate": { "angle": 0.234375 }, "model": "SRParasites:item/nodecompass_24" },
        { "predicate": { "angle": 0.265625 }, "model": "SRParasites:item/nodecompass_25" },
        { "predicate": { "angle": 0.296875 }, "model": "SRParasites:item/nodecompass_26" },
        { "predicate": { "angle": 0.328125 }, "model": "SRParasites:item/nodecompass_27" },
        { "predicate": { "angle": 0.359375 }, "model": "SRParasites:item/nodecompass_28" },
        { "predicate": { "angle": 0.390625 }, "model": "SRParasites:item/nodecompass_29" },
        { "predicate": { "angle": 0.421875 }, "model": "SRParasites:item/nodecompass_30" },
        { "predicate": { "angle": 0.453125 }, "model": "SRParasites:item/nodecompass_31" },
        { "predicate": { "angle": 0.484375 }, "model": "SRParasites:item/nodecompass_00" },
        { "predicate": { "angle": 0.515625 }, "model": "SRParasites:item/nodecompass_01" },
        { "predicate": { "angle": 0.546875 }, "model": "SRParasites:item/nodecompass_02" },
        { "predicate": { "angle": 0.578125 }, "model": "SRParasites:item/nodecompass_03" },
        { "predicate": { "angle": 0.609375 }, "model": "SRParasites:item/nodecompass_04" },
        { "predicate": { "angle": 0.640625 }, "model": "SRParasites:item/nodecompass_05" },
        { "predicate": { "angle": 0.671875 }, "model": "SRParasites:item/nodecompass_06" },
        { "predicate": { "angle": 0.703125 }, "model": "SRParasites:item/nodecompass_07" },
        { "predicate": { "angle": 0.734375 }, "model": "SRParasites:item/nodecompass_08" },
        { "predicate": { "angle": 0.765625 }, "model": "SRParasites:item/nodecompass_09" },
        { "predicate": { "angle": 0.796875 }, "model": "SRParasites:item/nodecompass_10" },
        { "predicate": { "angle": 0.828125 }, "model": "SRParasites:item/nodecompass_11" },
        { "predicate": { "angle": 0.859375 }, "model": "SRParasites:item/nodecompass_12" },
        { "predicate": { "angle": 0.890625 }, "model": "SRParasites:item/nodecompass_13" },
        { "predicate": { "angle": 0.921875 }, "model": "SRParasites:item/nodecompass_14" },
        { "predicate": { "angle": 0.953125 }, "model": "SRParasites:item/nodecompass_15" },
        { "predicate": { "angle": 0.984375 }, "model": "SRParasites:item/nodecompass" }
    ]
}