{
	"credit": "Made with Blockbench",
	"parent": "item/handheld",
	"textures": {
		"layer0": "SRParasites:items/weapon_axe"
	},
	"overrides": [
		{"predicate": {"vinni": 1}, "model": "SRParasites:item/weapon_axe_v"}
	],
	"display": {
		"thirdperson_righthand": {
			"rotation": [46, 90, 0],
			"translation": [0, 6.25, -0.25],
			"scale": [1.7, 1.7, 1]
		},
		"thirdperson_lefthand": {
			"rotation": [46, -90, 0],
			"translation": [0, 6.25, -0.25],
			"scale": [1.7, 1.7, 1]
		},
		"firstperson_righthand": {
			"rotation": [0, 90, 60],
			"translation": [1, 3.5, 1.25],
			"scale": [0.95, 0.95, 0.475]
		},
		"firstperson_lefthand": {
			"rotation": [0, -90, -60],
			"translation": [1, 3.5, 1.25],
			"scale": [0.95, 0.95, 0.475]
		},
		"ground": {
			"translation": [0, 4, 0],
			"scale": [0.95, 0.95, 0.475]
		}
	}
}