{
	"credit": "Made with Blockbench",
	"parent": "item/generated",
	"textures": {
		"layer0": "SRParasites:items/weapon_bow_sentient_standby_v"
	},
	"display": {
		"thirdperson_righthand": {
			"rotation": [-80, -100, -40],
			"translation": [-1, -2.75, 6.5],
			"scale": [1.4, 1.4, 1]
		},
		"thirdperson_lefthand": {
			"rotation": [-80, 80, 40],
			"translation": [-1, -2.75, 6.5],
			"scale": [1.4, 1.4, 1]
		},
		"firstperson_righthand": {
			"rotation": [0, -90, 25],
			"translation": [1.13, 3.2, 1.13],
			"scale": [1.2, 1.2, 0.68]
		},
		"firstperson_lefthand": {
			"rotation": [0, 90, -25],
			"translation": [1.13, 3.2, 1.13],
			"scale": [1.2, 1.2, 0.68]
		},
		"ground": {
			"translation": [0, 4.25, 0],
			"scale": [1, 1, 0.5]
		}
	}
}