{
	"credit": "Made with Blockbench",
	"parent": "item/handheld",
	"textures": {
		"layer0": "SRParasites:items/weapon_maul_sentient_v"
	},
	"display": {
		"thirdperson_righthand": {
			"rotation": [46, 90, 0],
			"translation": [0, 15.25, 1],
			"scale": [3.4, 3.4, 1]
		},
		"thirdperson_lefthand": {
			"rotation": [46, -90, 0],
			"translation": [0, 16.5, -0.25],
			"scale": [3.4, 3.4, 1]
		},
		"firstperson_righthand": {
			"rotation": [0, 90, 60],
			"translation": [5, 2.75, -4.5],
			"scale": [1.9, 1.9, 0.68]
		},
		"firstperson_lefthand": {
			"rotation": [0, -90, -61],
			"translation": [5, 8, -4.5],
			"scale": [1.9, 1.9, 0.68]
		},
		"ground": {
			"translation": [0, 4.25, 0],
			"scale": [1.2, 1.2, 0.5]
		}
	}
}