{
	"credit": "Made with Blockbench",
	"parent": "item/handheld",
	"textures": {
		"layer0": "SRParasites:items/weapon_lance_v"
	},
	"display": {
		"thirdperson_righthand": {
			"rotation": [48, 90, 0],
			"translation": [0, 4.5, 0.5],
			"scale": [1.7, 1.7, 1]
		},
		"thirdperson_lefthand": {
			"rotation": [0, 90, -55],
			"translation": [0, 4, 0.5],
			"scale": [0.85, 0.85, 0.85]
		},
		"firstperson_righthand": {
			"rotation": [0, 90, 60],
			"translation": [1, 3.25, 1.25],
			"scale": [0.95, 0.95, 0.475]
		},
		"firstperson_lefthand": {
			"rotation": [0, 90, -25],
			"translation": [1.13, 3.2, 1.13],
			"scale": [0.68, 0.68, 0.68]
		},
		"ground": {
			"scale": [0.5, 0.5, 0.5]
		}
	}
}