{
	"credit": "Made with Blockbench",
	"parent": "item/handheld",
	"textures": {
		"layer0": "SRParasites:items/weapon_lance_sentient_v"
	},
	"display": {
		"thirdperson_righthand": {
			"rotation": [48, 90, 0],
			"translation": [0, 11.75, 1],
			"scale": [3.4, 3.4, 1]
		},
		"thirdperson_lefthand": {
			"rotation": [48, -90, 0],
			"translation": [0, 21.5, 1.5],
			"scale": [3.4, 3.4, 1]
		},
		"firstperson_righthand": {
			"rotation": [0, 90, 60],
			"translation": [5, 1.25, -4.5],
			"scale": [1.9, 1.9, 0.68]
		},
		"firstperson_lefthand": {
			"rotation": [0, -90, -58],
			"translation": [5, 6.25, -4.5],
			"scale": [1.9, 1.9, 0.68]
		},
		"ground": {
			"translation": [0, 4.25, 0],
			"scale": [1.2, 1.2, 0.5]
		}
	}
}