{
	"credit": "Made with Blockbench",
	"parent": "item/generated",
	"textures": {
		"layer0": "SRParasites:items/weapon_bow_standby"
	},
	"overrides": [
		{
			"predicate": {
				"pulling": 1,
				"vinni": 0
			},
			"model": "SRParasites:item/weapon_bow_pulling_0"
		},
		{
			"predicate": {
				"pulling": 1,
				"pull": 0.4,
				"vinni": 0
			},
			"model": "SRParasites:item/weapon_bow_pulling_1"
		},
		{
			"predicate": {
				"pulling": 1,
				"pull": 0.9,
				"vinni": 0
			},
			"model": "SRParasites:item/weapon_bow_pulling_2"
		},
		{
			"predicate": {
				"vinni": 1
			},
			"model": "SRParasites:item/weapon_bow_v"
		},
		{
			"predicate": {
				"pulling": 1,
				"vinni": 1
			},
			"model": "SRParasites:item/weapon_bow_pulling_0_v"
		},
		{
			"predicate": {
				"pulling": 1,
				"pull": 0.4,
				"vinni": 1
			},
			"model": "SRParasites:item/weapon_bow_pulling_1_v"
		},
		{
			"predicate": {
				"pulling": 1,
				"pull": 0.9,
				"vinni": 1
			},
			"model": "SRParasites:item/weapon_bow_pulling_2_v"
		}
	],
	"display": {
		"thirdperson_righthand": {
			"rotation": [-80, -100, -40],
			"translation": [-1, -2, 2.5],
			"scale": [0.9, 0.9, 0.9]
		},
		"thirdperson_lefthand": {
			"rotation": [-80, 80, 40],
			"translation": [-1, -2, 2.5],
			"scale": [0.9, 0.9, 0.9]
		},
		"firstperson_righthand": {
			"rotation": [0, -90, 25],
			"translation": [1.13, 3.2, 1.13],
			"scale": [0.68, 0.68, 0.68]
		},
		"firstperson_lefthand": {
			"rotation": [0, 90, -25],
			"translation": [1.13, 3.2, 1.13],
			"scale": [0.68, 0.68, 0.68]
		},
		"ground": {
			"translation": [0, 2, 0],
			"scale": [0.5, 0.5, 0.5]
		}
	}
}