{
  "forge_marker": 1,
  "defaults": {
    "model": "srparasites:infestedbush_infected"
  },
  "variants": {
    "variant=infected": [
        { "model": "srparasites:infestedbush_infected" },
        { "model": "srparasites:infestedbush_infected", "y": 90 },
        { "model": "srparasites:infestedbush_infected", "y": 180 },
        { "model": "srparasites:infestedbush_infected", "y": 270 }
    ],
    "variant=grass1": [
        { "model": "srparasites:infestedbush_grass1" },
        { "model": "srparasites:infestedbush_grass1", "y": 90 },
        { "model": "srparasites:infestedbush_grass1", "y": 180 },
        { "model": "srparasites:infestedbush_grass1", "y": 270 },
        { "model": "srparasites:infestedbush_grass12" },
        { "model": "srparasites:infestedbush_grass12", "y": 90 },
        { "model": "srparasites:infestedbush_grass12", "y": 180 },
        { "model": "srparasites:infestedbush_grass12", "y": 270 }
    ],
    "variant=flower1": [
        { "model": "srparasites:infestedbush_flower1" },
        { "model": "srparasites:infestedbush_flower1", "y": 90 },
        { "model": "srparasites:infestedbush_flower1", "y": 180 },
        { "model": "srparasites:infestedbush_flower1", "y": 270 }
    ],
    "variant=spine": [
        { "model": "srparasites:infestedbush_spine" },
        { "model": "srparasites:infestedbush_spine", "y": 90 },
        { "model": "srparasites:infestedbush_spine", "y": 180 },
        { "model": "srparasites:infestedbush_spine", "y": 270 },
        { "model": "srparasites:infestedbush_spine2" },
        { "model": "srparasites:infestedbush_spine2", "y": 90 },
        { "model": "srparasites:infestedbush_spine2", "y": 180 },
        { "model": "srparasites:infestedbush_spine2", "y": 270 }
    ],
    "variant=vine": [
        { "model": "srparasites:infestedbush_vine" },
        { "model": "srparasites:infestedbush_vine", "y": 90 },
        { "model": "srparasites:infestedbush_vine", "y": 180 },
        { "model": "srparasites:infestedbush_vine", "y": 270 },
        { "model": "srparasites:infestedbush_vine2" },
        { "model": "srparasites:infestedbush_vine2", "y": 90 },
        { "model": "srparasites:infestedbush_vine2", "y": 180 },
        { "model": "srparasites:infestedbush_vine2", "y": 270 }
    ],
    "variant=arc": [
        { "model": "srparasites:infestedbush_arc" },
        { "model": "srparasites:infestedbush_arc", "y": 90 },
        { "model": "srparasites:infestedbush_arc", "y": 180 },
        { "model": "srparasites:infestedbush_arc", "y": 270 }
    ],
    "inventory": [{}]
  }
}