{
  "forge_marker": 1,
  "defaults": {
    "model": "srparasites:infestedore_co"
  },
  "variants": {
    "variant=co": [
        { "model": "srparasites:infestedore_co" },
        { "model": "srparasites:infestedore_co" },
        { "model": "srparasites:infestedore_co" },
        { "model": "srparasites:infestedore_co" }
    ],
    "variant=dia": [
        { "model": "srparasites:infestedore_dia" },
        { "model": "srparasites:infestedore_dia" },
        { "model": "srparasites:infestedore_dia" },
        { "model": "srparasites:infestedore_dia" }
    ],
    "variant=eme": [
        { "model": "srparasites:infestedore_eme" },
        { "model": "srparasites:infestedore_eme" },
        { "model": "srparasites:infestedore_eme" },
        { "model": "srparasites:infestedore_eme" }
    ],
    "variant=gol": [
        { "model": "srparasites:infestedore_gol" },
        { "model": "srparasites:infestedore_gol" },
        { "model": "srparasites:infestedore_gol" },
        { "model": "srparasites:infestedore_gol" }
    ],
    "variant=iro": [
        { "model": "srparasites:infestedore_iro" },
        { "model": "srparasites:infestedore_iro" },
        { "model": "srparasites:infestedore_iro" },
        { "model": "srparasites:infestedore_iro" }
    ],
    "variant=lap": [
        { "model": "srparasites:infestedore_lap" },
        { "model": "srparasites:infestedore_lap" },
        { "model": "srparasites:infestedore_lap" },
        { "model": "srparasites:infestedore_lap" }
    ],
    "variant=red": [
        { "model": "srparasites:infestedore_red" },
        { "model": "srparasites:infestedore_red" },
        { "model": "srparasites:infestedore_red" },
        { "model": "srparasites:infestedore_red" }
    ],
    "variant=un": [
        { "model": "srparasites:infestedore_un" },
        { "model": "srparasites:infestedore_un" },
        { "model": "srparasites:infestedore_un" },
        { "model": "srparasites:infestedore_un" }
    ],
    "inventory": [{}]
  }
}