{
  "forge_marker": 1,
  "defaults": {
    "model": "srparasites:infestedrubble"
  },
  "variants": {
    "stage=0": [
        { "model": "srparasites:infestedrubble" },
        { "model": "srparasites:infestedrubble", "y": 90 },
        { "model": "srparasites:infestedrubble", "y": 180 },
        { "model": "srparasites:infestedrubble", "y": 270 }
    ],
    "stage=1": [
        { "model": "srparasites:infestedrubble" },
        { "model": "srparasites:infestedrubble", "y": 90 },
        { "model": "srparasites:infestedrubble", "y": 180 },
        { "model": "srparasites:infestedrubble", "y": 270 }
    ],
    "stage=2":[
        { "model": "srparasites:infestedrubble" },
        { "model": "srparasites:infestedrubble", "y": 90 },
        { "model": "srparasites:infestedrubble", "y": 180 },
        { "model": "srparasites:infestedrubble", "y": 270 }
    ], 
    "stage=3": [
        { "model": "srparasites:infestedrubble" },
        { "model": "srparasites:infestedrubble", "y": 90 },
        { "model": "srparasites:infestedrubble", "y": 180 },
        { "model": "srparasites:infestedrubble", "y": 270 }
    ], 
    "stage=4": [
        { "model": "srparasites:infestedrubble" },
        { "model": "srparasites:infestedrubble", "y": 90 },
        { "model": "srparasites:infestedrubble", "y": 180 },
        { "model": "srparasites:infestedrubble", "y": 270 }
    ], 
    "stage=5": [
        { "model": "srparasites:infestedrubble" },
        { "model": "srparasites:infestedrubble", "y": 90 },
        { "model": "srparasites:infestedrubble", "y": 180 },
        { "model": "srparasites:infestedrubble", "y": 270 }
    ], 
    "inventory": [{}]
  }
}