{
  "forge_marker": 1,
  "defaults": {
    "model": "srparasites:parasiterubble_flesh"
  },
  "variants": {
    "variant=flesh": [ 
        { "model": "srparasites:parasiterubble_flesh" },
        { "model": "srparasites:parasiterubble_flesh", "y": 90 },
        { "model": "srparasites:parasiterubble_flesh", "y": 180 },
        { "model": "srparasites:parasiterubble_flesh", "y": 270 }
    ],
    "variant=bone": [
        { "model": "srparasites:parasiterubble_bone" },
        { "model": "srparasites:parasiterubble_bone", "y": 90 },
        { "model": "srparasites:parasiterubble_bone", "y": 180 },
        { "model": "srparasites:parasiterubble_bone", "y": 270 }
    ],
    "variant=stone": [
        { "model": "srparasites:parasiterubble_stone" },
        { "model": "srparasites:parasiterubble_stone", "y": 90 },
        { "model": "srparasites:parasiterubble_stone", "y": 180 },
        { "model": "srparasites:parasiterubble_stone", "y": 270 }
    ],
    "variant=fungus": [
      { "model": "srparasites:parasiterubble_fungus" },
      { "model": "srparasites:parasiterubble_fungus", "y": 90 },
      { "model": "srparasites:parasiterubble_fungus", "y": 180 },
      { "model": "srparasites:parasiterubble_fungus", "y": 270 }
    ],
    "variant=obsidian": [
      { "model": "srparasites:parasiterubble_obsidian" },
      { "model": "srparasites:parasiterubble_obsidian", "y": 90 },
      { "model": "srparasites:parasiterubble_obsidian", "y": 180 },
      { "model": "srparasites:parasiterubble_obsidian", "y": 270 }
    ],
    "variant=bricks": [
      { "model": "srparasites:parasiterubble_bricks" },
      { "model": "srparasites:parasiterubble_bricks", "y": 90 },
      { "model": "srparasites:parasiterubble_bricks", "y": 180 },
      { "model": "srparasites:parasiterubble_bricks", "y": 270 }
    ],
    "variant=wood": [
      { "model": "srparasites:parasiterubble_wood" },
      { "model": "srparasites:parasiterubble_wood", "y": 90 },
      { "model": "srparasites:parasiterubble_wood", "y": 180 },
      { "model": "srparasites:parasiterubble_wood", "y": 270 }
    ],
    "variant=metal": [
      { "model": "srparasites:parasiterubble_metal" },
      { "model": "srparasites:parasiterubble_metal", "y": 90 },
      { "model": "srparasites:parasiterubble_metal", "y": 180 },
      { "model": "srparasites:parasiterubble_metal", "y": 270 }
    ],
    "variant=stonedebris": [
      { "model": "srparasites:parasiterubble_stonedebris" },
      { "model": "srparasites:parasiterubble_stonedebris", "y": 90 },
      { "model": "srparasites:parasiterubble_stonedebris", "y": 180 },
      { "model": "srparasites:parasiterubble_stonedebris", "y": 270 }
    ],
    "inventory": [{}]
  }
}