{
  "forge_marker": 1,
  "defaults": {
    "model": "srparasites:parasitestain_dirt"
  },
  "variants": {
    "variant=dirt": [
        { "model": "srparasites:parasitestain_dirt" },
        { "model": "srparasites:parasitestain_dirt", "y": 90 },
        { "model": "srparasites:parasitestain_dirt", "y": 180 },
        { "model": "srparasites:parasitestain_dirt", "y": 270 }
    ],
    "variant=mud": [
        { "model": "srparasites:parasitestain_mud" },
        { "model": "srparasites:parasitestain_mud", "y": 90 },
        { "model": "srparasites:parasitestain_mud", "y": 180 },
        { "model": "srparasites:parasitestain_mud", "y": 270 }
    ],
    "variant=flesh": [
        { "model": "srparasites:parasitestain_flesh" },
        { "model": "srparasites:parasitestain_flesh", "y": 90 },
        { "model": "srparasites:parasitestain_flesh", "y": 180 },
        { "model": "srparasites:parasitestain_flesh", "y": 270 }
    ],
    "variant=feeler": [
        { "model": "srparasites:parasitestain_feeler" },
        { "model": "srparasites:parasitestain_feeler", "y": 90 },
        { "model": "srparasites:parasitestain_feeler", "y": 180 },
        { "model": "srparasites:parasitestain_feeler", "y": 270 }
    ],
    "inventory": [{}]
  }
}