{
    "multipart": [
        {   "apply": { "model": "srparasites:parasitethin_treebase" }},
        {   "when": { "north": "true" },
            "apply": { "model": "srparasites:parasitethin_treenesw"}
        },
        {   "when": { "east": "true" },
            "apply": { "model": "srparasites:parasitethin_treenesw", "y": 90}
        },
        {   "when": { "south": "true" },
            "apply": { "model": "srparasites:parasitethin_treenesw", "y": 180}
        },
        {   "when": { "west": "true" },
            "apply": { "model": "srparasites:parasitethin_treenesw", "y": 270}
        },
        {   "when": { "up": "true" },
            "apply": { "model": "srparasites:parasitethin_treenesw", "x": 270}
        },
        {   "when": { "down": "true" },
            "apply": { "model": "srparasites:parasitethin_treenesw", "x": 90}
        }
    ]
}
