{
    "type": "minecraft:crafting_shaped",
    
    "pattern":
    [
        " A ",
        "CBC",
        "   "
    ],
    
    "key":
    {       
        "A":
        {
            "item": "srparasites:ada_summoner_drop"
        },
        
        "B":
        {
            "item": "srparasites:ada_manducater_drop"
        },
        
        "C":
        {
            "item": "srparasites:assimilated_flesh"
        }
    },
    
    "result":
    {
        "item": "srparasites:living_core",
        "count": 1
    }
}