{
    "type": "minecraft:crafting_shaped",
    
    "pattern":
    [
        "CED",
        "E A",
        "DA "
    ],
    
    "key":
    {       
        "A":
        {
            "item": "srparasites:dried_tendons"
        },
        
        "C":
        {
            "item": "srparasites:living_core"
        },
        
        "D":
        {
            "item": "srparasites:vile_shell"
        },
        
        "E":
        {
            "item": "srparasites:hardened_bone_handle"
        }
    },
    
    "result":
    {
        "item": "srparasites:weapon_bow",
        "count": 1
    }
}