{
    "type": "minecraft:crafting_shaped",
    
    "pattern":
    [
        " CB",
        "DEB",
        "EB "
    ],
    
    "key":
    {       
        "B":
        {
            "item": "srparasites:infectious_blade_fragment"
        },
        
        "C":
        {
            "item": "srparasites:living_core"
        },
        
        "D":
        {
            "item": "srparasites:vile_shell"
        },
        
        "E":
        {
            "item": "srparasites:hardened_bone_handle"
        }
    },
    
    "result":
    {
        "item": "srparasites:weapon_cleaver",
        "count": 1
    }
}