{
    "type": "minecraft:crafting_shaped",
    
    "pattern":
    [
        " DC",
        " EB",
        "E B"
    ],
    
    "key":
    {           
        "B":
        {
            "item": "srparasites:infectious_blade_fragment"
        },
        
        "C":
        {
            "item": "srparasites:living_core"
        },
        
        "D":
        {
            "item": "srparasites:vile_shell"
        },
        
        "E":
        {
            "item": "srparasites:hardened_bone_handle"
        }
    },
    
    "result":
    {
        "item": "srparasites:weapon_scythe",
        "count": 1
    }
}