{
	"credit": "Made with Blockbench",
	"ambientocclusion": false,
	"textures": {
		"1": "srparasites:blocks/parasite_sac_new",
		"particle": "srparasites:blocks/parasite_sac_new"
	},
	"elements": [
		{
			"from": [4, 5, 4],
			"to": [12, 11, 12],
			"faces": {
				"north": {"uv": [0, 9, 8, 15], "texture": "#1"},
				"east": {"uv": [0, 9, 8, 15], "texture": "#1"},
				"south": {"uv": [0, 9, 8, 15], "texture": "#1"},
				"west": {"uv": [0, 9, 8, 15], "texture": "#1"},
				"up": {"uv": [8, 8, 16, 16], "texture": "#1"},
				"down": {"uv": [8, 8, 16, 16], "texture": "#1"}
			}
		},
		{
			"from": [5, 4, 5],
			"to": [11, 5, 11],
			"faces": {
				"north": {"uv": [1, 15, 7, 16], "texture": "#1"},
				"east": {"uv": [1, 15, 7, 16], "texture": "#1"},
				"south": {"uv": [1, 15, 7, 16], "texture": "#1"},
				"west": {"uv": [1, 15, 7, 16], "texture": "#1"},
				"up": {"uv": [9, 9, 15, 15], "texture": "#1"},
				"down": {"uv": [9, 9, 15, 15], "texture": "#1"}
			}
		},
		{
			"from": [5, 11, 5],
			"to": [11, 13, 11],
			"faces": {
				"north": {"uv": [1, 7, 7, 9], "texture": "#1"},
				"east": {"uv": [1, 7, 7, 9], "texture": "#1"},
				"south": {"uv": [1, 7, 7, 9], "texture": "#1"},
				"west": {"uv": [1, 7, 7, 9], "texture": "#1"},
				"up": {"uv": [9, 9, 15, 15], "texture": "#1"},
				"down": {"uv": [9, 9, 15, 15], "texture": "#1"}
			}
		},
		{
			"from": [5, 14, 5],
			"to": [11, 16, 11],
			"faces": {
				"north": {"uv": [1, 4, 7, 6], "texture": "#1"},
				"east": {"uv": [1, 4, 7, 6], "texture": "#1"},
				"south": {"uv": [1, 4, 7, 6], "texture": "#1"},
				"west": {"uv": [1, 4, 7, 6], "texture": "#1"},
				"up": {"uv": [9, 1, 15, 7], "texture": "#1"},
				"down": {"uv": [9, 1, 15, 7], "texture": "#1"}
			}
		},
		{
			"from": [6, 13, 6],
			"to": [10, 14, 10],
			"faces": {
				"north": {"uv": [2, 6, 6, 7], "texture": "#1"},
				"east": {"uv": [2, 6, 6, 7], "texture": "#1"},
				"south": {"uv": [2, 6, 6, 7], "texture": "#1"},
				"west": {"uv": [2, 6, 6, 7], "texture": "#1"},
				"up": {"uv": [10, 2, 14, 6], "texture": "#1"},
				"down": {"uv": [10, 2, 14, 6], "texture": "#1"}
			}
		},
		{
			"from": [6, 16, 6],
			"to": [10, 17, 10],
			"faces": {
				"north": {"uv": [2, 3, 6, 4], "texture": "#1"},
				"east": {"uv": [2, 3, 6, 4], "texture": "#1"},
				"south": {"uv": [2, 3, 6, 4], "texture": "#1"},
				"west": {"uv": [2, 3, 6, 4], "texture": "#1"},
				"up": {"uv": [10, 2, 14, 6], "texture": "#1"},
				"down": {"uv": [10, 2, 14, 6], "texture": "#1"}
			}
		},
		{
			"from": [6, 19, 6],
			"to": [10, 20, 10],
			"faces": {
				"north": {"uv": [2, 0, 6, 1], "texture": "#1"},
				"east": {"uv": [2, 0, 6, 1], "texture": "#1"},
				"south": {"uv": [2, 0, 6, 1], "texture": "#1"},
				"west": {"uv": [2, 0, 6, 1], "texture": "#1"},
				"up": {"uv": [10, 2, 14, 6], "texture": "#1"},
				"down": {"uv": [10, 2, 14, 6], "texture": "#1"}
			}
		},
		{
			"from": [5, 17, 5],
			"to": [11, 19, 11],
			"faces": {
				"north": {"uv": [1, 1, 7, 3], "texture": "#1"},
				"east": {"uv": [1, 1, 7, 3], "texture": "#1"},
				"south": {"uv": [1, 1, 7, 3], "texture": "#1"},
				"west": {"uv": [1, 1, 7, 3], "texture": "#1"},
				"up": {"uv": [9, 1, 15, 7], "texture": "#1"},
				"down": {"uv": [9, 1, 15, 7], "texture": "#1"}
			}
		}
	],
	"display": {
		"thirdperson_righthand": {
			"rotation": [60, 45, 0],
			"translation": [0, 1.5, 0],
			"scale": [0.375, 0.375, 0.375]
		},
		"thirdperson_lefthand": {
			"rotation": [60, 45, 0],
			"translation": [0, 2.5, 0],
			"scale": [0.375, 0.375, 0.375]
		},
		"firstperson_righthand": {
			"rotation": [0, 45, 0],
			"scale": [0.4, 0.4, 0.4]
		},
		"firstperson_lefthand": {
			"rotation": [0, 225, 0],
			"scale": [0.4, 0.4, 0.4]
		},
		"ground": {
			"translation": [0, 3, 0],
			"scale": [0.5, 0.5, 0.5]
		},
		"gui": {
			"translation": [0, -4, 0]
		},
		"head": {
			"rotation": [-90, 0, 0],
			"translation": [0, 0, -10]
		},
		"fixed": {
			"scale": [0.5, 0.5, 0.5]
		}
	}
}