{
	"credit": "Made with Blockbench",
	"ambientocclusion": false,
	"texture_size": [16, 16],
	"textures": {
		"0": "#texture",
		"particle": "#texture"
	},
	"elements": [
		{
			"from": [7, 7, 2],
			"to": [9, 9, 5],
			"rotation": {"angle": 0, "axis": "y", "origin": [15, 16, 10]},
			"faces": {
				"north": {"uv": [3, 8, 5, 10], "texture": "#0"},
				"east": {"uv": [0, 8, 3, 10], "texture": "#0"},
				"south": {"uv": [8, 8, 10, 10], "texture": "#0"},
				"west": {"uv": [5, 8, 8, 10], "texture": "#0"},
				"up": {"uv": [5, 8, 3, 5], "texture": "#0"},
				"down": {"uv": [7, 5, 5, 8], "texture": "#0"}
			}
		},
		{
			"from": [6, 6, 0],
			"to": [10, 10, 2.1],
			"rotation": {"angle": 0, "axis": "y", "origin": [15.5, 16.5, 9]},
			"faces": {
				"north": {"uv": [2, 12, 6, 16], "texture": "#0"},
				"east": {"uv": [0, 12, 2, 16], "texture": "#0"},
				"south": {"uv": [8, 12, 12, 16], "texture": "#0"},
				"west": {"uv": [6, 12, 8, 16], "texture": "#0"},
				"up": {"uv": [6, 12, 2, 10], "texture": "#0"},
				"down": {"uv": [10, 10, 6, 12], "texture": "#0"}
			}
		}
	]
}