{
	"credit": "Made with Blockbench",
	"ambientocclusion": false,
	"texture_size": [64, 64],
	"textures": {
		"2": "srparasites:blocks/parasitecanister_cyst",
		"particle": "srparasites:blocks/parasitecanister_cyst"
	},
	"elements": [
        {
            "from": [2, 0, 2],
            "to": [7, 4, 7],
            "faces": {
                "north": {"uv": [3, 7.25, 4.25, 8.25], "texture": "#2"},
                "east": {"uv": [0, 7.5, 1.25, 8.5], "texture": "#2"},
                "south": {"uv": [7.5, 6.5, 8.75, 7.5], "texture": "#2"},
                "west": {"uv": [7.5, 7.75, 8.75, 8.75], "texture": "#2"},
                "up": {"uv": [1.25, 7.25, 0, 6], "texture": "#2"},
                "down": {"uv": [7.25, 0, 6, 1.25], "texture": "#2"}
            }
        },
        {
            "from": [2, 0, 8],
            "to": [5, 3, 11],
            "faces": {
                "north": {"uv": [1.5, 6, 2.25, 6.75], "texture": "#2"},
                "east": {"uv": [6.25, 9.5, 7, 10.25], "texture": "#2"},
                "south": {"uv": [3, 9.75, 3.75, 10.5], "texture": "#2"},
                "west": {"uv": [9.75, 4, 10.5, 4.75], "texture": "#2"},
                "up": {"uv": [8, 10.5, 7.25, 9.75], "texture": "#2"},
                "down": {"uv": [9, 9.75, 8.25, 10.5], "texture": "#2"}
            }
        },
        {
            "from": [8, 0, 2],
            "to": [11, 3, 5],
            "faces": {
                "north": {"uv": [9.25, 9.75, 10, 10.5], "texture": "#2"},
                "east": {"uv": [0, 10, 0.75, 10.75], "texture": "#2"},
                "south": {"uv": [1, 10, 1.75, 10.75], "texture": "#2"},
                "west": {"uv": [2, 10, 2.75, 10.75], "texture": "#2"},
                "up": {"uv": [11, 9.25, 10.25, 8.5], "texture": "#2"},
                "down": {"uv": [11, 9.5, 10.25, 10.25], "texture": "#2"}
            }
        },
        {
            "from": [6, 3, 3],
            "to": [9, 6, 6],
            "faces": {
                "north": {"uv": [4, 10.5, 4.75, 11.25], "texture": "#2"},
                "east": {"uv": [5, 10.5, 5.75, 11.25], "texture": "#2"},
                "south": {"uv": [10.5, 5, 11.25, 5.75], "texture": "#2"},
                "west": {"uv": [6, 10.5, 6.75, 11.25], "texture": "#2"},
                "up": {"uv": [11.25, 6.75, 10.5, 6], "texture": "#2"},
                "down": {"uv": [11, 10.5, 10.25, 11.25], "texture": "#2"}
            }
        },
        {
            "from": [3, 3, 6],
            "to": [6, 6, 9],
            "faces": {
                "north": {"uv": [3, 10.75, 3.75, 11.5], "texture": "#2"},
                "east": {"uv": [10.75, 4, 11.5, 4.75], "texture": "#2"},
                "south": {"uv": [7, 10.75, 7.75, 11.5], "texture": "#2"},
                "west": {"uv": [8, 10.75, 8.75, 11.5], "texture": "#2"},
                "up": {"uv": [9.75, 11.5, 9, 10.75], "texture": "#2"},
                "down": {"uv": [0.75, 11, 0, 11.75], "texture": "#2"}
            }
        },
        {
            "from": [6, 3, 10],
            "to": [9, 6, 13],
            "faces": {
                "north": {"uv": [1, 11, 1.75, 11.75], "texture": "#2"},
                "east": {"uv": [2, 11, 2.75, 11.75], "texture": "#2"},
                "south": {"uv": [11.25, 3, 12, 3.75], "texture": "#2"},
                "west": {"uv": [11.25, 8.5, 12, 9.25], "texture": "#2"},
                "up": {"uv": [12, 10.25, 11.25, 9.5], "texture": "#2"},
                "down": {"uv": [12, 10.5, 11.25, 11.25], "texture": "#2"}
            }
        },
        {
            "from": [10, 3, 6],
            "to": [13, 6, 9],
            "faces": {
                "north": {"uv": [11.5, 0, 12.25, 0.75], "texture": "#2"},
                "east": {"uv": [11.5, 1, 12.25, 1.75], "texture": "#2"},
                "south": {"uv": [4, 11.5, 4.75, 12.25], "texture": "#2"},
                "west": {"uv": [5, 11.5, 5.75, 12.25], "texture": "#2"},
                "up": {"uv": [12.25, 5.75, 11.5, 5], "texture": "#2"},
                "down": {"uv": [6.75, 11.5, 6, 12.25], "texture": "#2"}
            }
        },
        {
            "from": [11, 0, 11],
            "to": [14, 3, 14],
            "faces": {
                "north": {"uv": [11.5, 6, 12.25, 6.75], "texture": "#2"},
                "east": {"uv": [10, 11.5, 10.75, 12.25], "texture": "#2"},
                "south": {"uv": [11, 11.5, 11.75, 12.25], "texture": "#2"},
                "west": {"uv": [3, 11.75, 3.75, 12.5], "texture": "#2"},
                "up": {"uv": [12.5, 4.75, 11.75, 4], "texture": "#2"},
                "down": {"uv": [7.75, 11.75, 7, 12.5], "texture": "#2"}
            }
        },
        {
            "from": [9, 0, 5],
            "to": [14, 4, 10],
            "faces": {
                "north": {"uv": [8.25, 1, 9.5, 2], "texture": "#2"},
                "east": {"uv": [4.5, 8.25, 5.75, 9.25], "texture": "#2"},
                "south": {"uv": [8.25, 4.5, 9.5, 5.5], "texture": "#2"},
                "west": {"uv": [6, 8.25, 7.25, 9.25], "texture": "#2"},
                "up": {"uv": [5.75, 8, 4.5, 6.75], "texture": "#2"},
                "down": {"uv": [8, 5, 6.75, 6.25], "texture": "#2"}
            }
        },
        {
            "from": [5, 0, 9],
            "to": [10, 4, 14],
            "faces": {
                "north": {"uv": [3, 8.5, 4.25, 9.5], "texture": "#2"},
                "east": {"uv": [0, 8.75, 1.25, 9.75], "texture": "#2"},
                "south": {"uv": [1.5, 8.75, 2.75, 9.75], "texture": "#2"},
                "west": {"uv": [9, 5.75, 10.25, 6.75], "texture": "#2"},
                "up": {"uv": [7.25, 8, 6, 6.75], "texture": "#2"},
                "down": {"uv": [2.75, 7.25, 1.5, 8.5], "texture": "#2"}
            }
        },
        {
            "from": [4, 2, 4],
            "to": [12, 5, 12],
            "faces": {
                "north": {"uv": [6, 1.5, 8, 2.25], "texture": "#2"},
                "east": {"uv": [7.25, 2.5, 9.25, 3.25], "texture": "#2"},
                "south": {"uv": [7.25, 3.5, 9.25, 4.25], "texture": "#2"},
                "west": {"uv": [7.5, 0, 9.5, 0.75], "texture": "#2"},
                "up": {"uv": [4.75, 5.25, 2.75, 3.25], "texture": "#2"},
                "down": {"uv": [7, 2.75, 5, 4.75], "texture": "#2"}
            }
        },
        {
            "from": [5, 4, 5],
            "to": [11, 7, 11],
            "faces": {
                "north": {"uv": [9.5, 3, 11, 3.75], "texture": "#2"},
                "east": {"uv": [4.5, 9.5, 6, 10.25], "texture": "#2"},
                "south": {"uv": [9.75, 0, 11.25, 0.75], "texture": "#2"},
                "west": {"uv": [9.75, 1, 11.25, 1.75], "texture": "#2"},
                "up": {"uv": [6.5, 6.5, 5, 5], "texture": "#2"},
                "down": {"uv": [4.25, 5.5, 2.75, 7], "texture": "#2"}
            }
        },
        {
            "from": [3, 0, 3],
            "to": [13, 2, 13],
            "faces": {
                "north": {"uv": [9, 7, 11.5, 7.5], "texture": "#2"},
                "east": {"uv": [7.5, 9, 10, 9.5], "texture": "#2"},
                "south": {"uv": [9, 7.75, 11.5, 8.25], "texture": "#2"},
                "west": {"uv": [9.5, 2.25, 12, 2.75], "texture": "#2"},
                "up": {"uv": [2.5, 5.75, 0, 3.25], "texture": "#2"},
                "down": {"uv": [5.75, 0, 3.25, 2.5], "texture": "#2"}
            }
        },
        {
            "from": [10, 7, 7],
            "to": [11, 8, 8],
            "faces": {
                "north": {"uv": [3.25, 2.75, 3.5, 3], "texture": "#2"},
                "east": {"uv": [3.75, 2.75, 4, 3], "texture": "#2"},
                "south": {"uv": [4.25, 2.75, 4.5, 3], "texture": "#2"},
                "west": {"uv": [4.5, 5.5, 4.75, 5.75], "texture": "#2"},
                "up": {"uv": [4.75, 6.25, 4.5, 6], "texture": "#2"},
                "down": {"uv": [7.5, 4.5, 7.25, 4.75], "texture": "#2"}
            }
        },
        {
            "from": [9, 7, 9],
            "to": [10, 8, 10],
            "faces": {
                "north": {"uv": [7.5, 1, 7.75, 1.25], "texture": "#2"},
                "east": {"uv": [7.75, 4.5, 8, 4.75], "texture": "#2"},
                "south": {"uv": [8.25, 5.75, 8.5, 6], "texture": "#2"},
                "west": {"uv": [9, 8.5, 9.25, 8.75], "texture": "#2"},
                "up": {"uv": [9.75, 8.75, 9.5, 8.5], "texture": "#2"},
                "down": {"uv": [4.25, 9.75, 4, 10], "texture": "#2"}
            }
        },
        {
            "from": [6, 7, 6],
            "to": [7, 8, 7],
            "faces": {
                "north": {"uv": [9.75, 5, 10, 5.25], "texture": "#2"},
                "east": {"uv": [11.75, 7, 12, 7.25], "texture": "#2"},
                "south": {"uv": [11.75, 7.5, 12, 7.75], "texture": "#2"},
                "west": {"uv": [8, 11.75, 8.25, 12], "texture": "#2"},
                "up": {"uv": [12, 8.25, 11.75, 8], "texture": "#2"},
                "down": {"uv": [8.75, 11.75, 8.5, 12], "texture": "#2"}
            }
        },
        {
            "from": [8, 7, 5],
            "to": [9, 8, 6],
            "faces": {
                "north": {"uv": [9, 11.75, 9.25, 12], "texture": "#2"},
                "east": {"uv": [9.5, 11.75, 9.75, 12], "texture": "#2"},
                "south": {"uv": [0, 12, 0.25, 12.25], "texture": "#2"},
                "west": {"uv": [0.5, 12, 0.75, 12.25], "texture": "#2"},
                "up": {"uv": [1.25, 12.25, 1, 12], "texture": "#2"},
                "down": {"uv": [1.75, 12, 1.5, 12.25], "texture": "#2"}
            }
        },
        {
            "from": [5, 7, 8],
            "to": [6, 8, 9],
            "faces": {
                "north": {"uv": [2, 12, 2.25, 12.25], "texture": "#2"},
                "east": {"uv": [2.5, 12, 2.75, 12.25], "texture": "#2"},
                "south": {"uv": [12, 11.5, 12.25, 11.75], "texture": "#2"},
                "west": {"uv": [12, 12, 12.25, 12.25], "texture": "#2"},
                "up": {"uv": [12.5, 2.25, 12.25, 2], "texture": "#2"},
                "down": {"uv": [12.5, 2.5, 12.25, 2.75], "texture": "#2"}
            }
        },
        {
            "from": [7, 7, 10],
            "to": [8, 8, 11],
            "faces": {
                "north": {"uv": [12.25, 3, 12.5, 3.25], "texture": "#2"},
                "east": {"uv": [12.25, 3.5, 12.5, 3.75], "texture": "#2"},
                "south": {"uv": [12.25, 7, 12.5, 7.25], "texture": "#2"},
                "west": {"uv": [12.25, 7.5, 12.5, 7.75], "texture": "#2"},
                "up": {"uv": [8.25, 12.5, 8, 12.25], "texture": "#2"},
                "down": {"uv": [12.5, 8, 12.25, 8.25], "texture": "#2"}
            }
        },
        {
            "from": [2, -0.1, 2],
            "to": [14, -0.1, 14],
            "faces": {
                "down": {"uv": [3, 0, 0, 3], "texture": "#2"}
            }
        }
    ],
    "display": {
        "thirdperson_righthand": {
            "rotation": [75, 45, 0],
            "translation": [0, 2.5, 0],
            "scale": [0.375, 0.375, 0.375]
        },
        "thirdperson_lefthand": {
            "rotation": [75, 45, 0],
            "translation": [0, 2.5, 0],
            "scale": [0.375, 0.375, 0.375]
        },
        "firstperson_righthand": {
            "rotation": [0, 45, 0],
            "translation": [0, 3, 0],
            "scale": [0.4, 0.4, 0.4]
        },
        "firstperson_lefthand": {
            "rotation": [0, 225, 0],
            "translation": [0, 3, 0],
            "scale": [0.4, 0.4, 0.4]
        },
        "ground": {
            "translation": [0, 3, 0],
            "scale": [0.25, 0.25, 0.25]
        },
        "gui": {
            "rotation": [90, 0, 0]
        },
        "fixed": {
            "scale": [0.5, 0.5, 0.5]
        }
    },
    "groups": [
        {
            "name": "group",
            "origin": [0, 0, 0],
            "color": 0,
            "children": [0, 1, 2, 3, 4, 5, 6, 7, 8, 9, 10, 11, 12, 13, 14, 15, 16, 17, 18, 19]
        }
    ]
}